Accuracy,Macro Precision,Macro Recall,Macro F1
0.8382936507936508,0.8393064588711932,0.8376280336826731,0.8363090563291374
