,precision,recall,f1-score,support
Bacterial Pneumonia,0.7777777777777778,0.628428927680798,0.6951724137931035,401.0
Corona Virus Disease,0.9252336448598131,0.9753694581280788,0.9496402877697842,406.0
Normal,0.7829614604462475,0.9601990049751243,0.8625698324022346,402.0
Tuberculosis,0.9871134020618557,0.9433497536945813,0.964735516372796,406.0
Viral Pneumonia,0.6840731070496083,0.6533665835411472,0.6683673469387755,401.0
accuracy,0.8328373015873016,0.8328373015873016,0.8328373015873016,0.8328373015873016
macro avg,0.8314318784390604,0.8321427456039461,0.8280970794553388,2016.0
weighted avg,0.8320265937328228,0.8328373015873016,0.8287545104965621,2016.0
