,precision,recall,f1-score,support
Bacterial Pneumonia,0.7801857585139319,0.628428927680798,0.6961325966850829,401.0
Corona Virus Disease,0.9341176470588235,0.9778325123152709,0.9554753309265944,406.0
Normal,0.8677494199535963,0.9303482587064676,0.8979591836734694,402.0
Tuberculosis,0.982367758186398,0.9605911330049262,0.9713574097135741,406.0
Viral Pneumonia,0.6545454545454545,0.7182044887780549,0.6848989298454221,401.0
accuracy,0.84375,0.84375,0.84375,0.84375
macro avg,0.8437932076516409,0.8430810640971036,0.8411646901688286,2016.0
weighted avg,0.8443727965216865,0.84375,0.8417992691842141,2016.0
